user_id,user_info,device,geo,audiences,user_properties,user_ltv,predictions,privacy_info,occurrence_date,last_updated_date
1c3b6eec67ed35bf38a184af1dd7bf184d011e920323d745382af5762e6f77e1,"{'last_active_timestamp_micros': 1736794078829658, 'user_first_touch_timestamp_micros': 0, 'first_purchase_date': None}","{'operating_system': 'web', 'category': 'desktop', 'mobile_brand_name': 'Google', 'mobile_model_name': None, 'unified_screen_name': 'Nikotínové vrecúška, E-cigarety| e-shop Nicolips'}","{'city': 'Bratislava', 'country': 'Slovakia', 'continent': 'Europe', 'region': 'Bratislava Region'}","[{'id': 5775046007, 'name': 'All Users', 'membership_start_timestamp_micros': 1736793308000000, 'membership_expiry_timestamp_micros': 1783450078000000, 'npa': False}]",[],"{'revenue_in_usd': None, 'sessions': 1, 'engagement_time_millis': 366459, 'purchases': None, 'engaged_sessions': 1, 'session_duration_micros': 770250648}","{'in_app_purchase_score_7d': None, 'purchase_score_7d': None, 'churn_score_7d': None, 'revenue_28d_in_usd': None}","{'is_limited_ad_tracking': 'false', 'is_ads_personalization_allowed': '(not set)'}",20250113,20250113
afd4ba38846899bd77c1029c7aa318e07c54fcd40b5d2be8f8e624a732f4e168,"{'last_active_timestamp_micros': 1736766154110632, 'user_first_touch_timestamp_micros': 0, 'first_purchase_date': None}","{'operating_system': 'web', 'category': 'mobile', 'mobile_brand_name': None, 'mobile_model_name': 'SM-A336B', 'unified_screen_name': 'Objednávka - platba a doprava'}","{'city': '', 'country': 'South Africa', 'continent': 'Africa', 'region': ''}","[{'id': 5775046007, 'name': 'All Users', 'membership_start_timestamp_micros': 1736765203000000, 'membership_expiry_timestamp_micros': 1783422154000000, 'npa': False}]",[],"{'revenue_in_usd': None, 'sessions': None, 'engagement_time_millis': 460957, 'purchases': None, 'engaged_sessions': None, 'session_duration_micros': 950436688}","{'in_app_purchase_score_7d': None, 'purchase_score_7d': None, 'churn_score_7d': None, 'revenue_28d_in_usd': None}","{'is_limited_ad_tracking': 'false', 'is_ads_personalization_allowed': '(not set)'}",20250113,20250113
a1068a2b88dc5ac469df2f05423c6769daf1224958fb0e9f926d15fb06aacc20,"{'last_active_timestamp_micros': 1736781686549044, 'user_first_touch_timestamp_micros': 0, 'first_purchase_date': None}","{'operating_system': 'web', 'category': 'mobile', 'mobile_brand_name': 'Xiaomi', 'mobile_model_name': '23021RAA2Y', 'unified_screen_name': 'Klientske centrum - NicoLips'}","{'city': 'Komarno', 'country': 'Slovakia', 'continent': 'Europe', 'region': 'Nitra Region'}","[{'id': 5775046007, 'name': 'All Users', 'membership_start_timestamp_micros': 1736781528000000, 'membership_expiry_timestamp_micros': 1783437686000000, 'npa': False}]",[],"{'revenue_in_usd': None, 'sessions': 1, 'engagement_time_millis': 146409, 'purchases': None, 'engaged_sessions': 1, 'session_duration_micros': 158026620}","{'in_app_purchase_score_7d': None, 'purchase_score_7d': None, 'churn_score_7d': None, 'revenue_28d_in_usd': None}","{'is_limited_ad_tracking': 'false', 'is_ads_personalization_allowed': '(not set)'}",20250113,20250113
868c1e8260ae25c85c42e10ace542babc021df3b04fb727c5d3147cdd92d6513,"{'last_active_timestamp_micros': 1736786528489853, 'user_first_touch_timestamp_micros': 1736640000000000, 'first_purchase_date': None}","{'operating_system': 'web', 'category': 'mobile', 'mobile_brand_name': 'Samsung', 'mobile_model_name': 'SM-A137F', 'unified_screen_name': 'Kurwa Collection E-cigarety - nicolips.sk'}","{'city': '', 'country': 'Slovakia', 'continent': 'Europe', 'region': 'Trencin Region'}","[{'id': 5775046007, 'name': 'All Users', 'membership_start_timestamp_micros': 1736699813000000, 'membership_expiry_timestamp_micros': 1783442528000000, 'npa': False}]",[],"{'revenue_in_usd': None, 'sessions': 5, 'engagement_time_millis': 1231991, 'purchases': None, 'engaged_sessions': 5, 'session_duration_micros': 1520874449}","{'in_app_purchase_score_7d': None, 'purchase_score_7d': None, 'churn_score_7d': None, 'revenue_28d_in_usd': None}","{'is_limited_ad_tracking': 'false', 'is_ads_personalization_allowed': '(not set)'}",20250113,20250113
0086b882d30c14337898c4c8d6934ea4290ceb89e300e5691f9fc8a7121d98ed,"{'last_active_timestamp_micros': 1736806956131358, 'user_first_touch_timestamp_micros': 0, 'first_purchase_date': None}","{'operating_system': 'web', 'category': 'mobile', 'mobile_brand_name': 'Apple', 'mobile_model_name': None, 'unified_screen_name': 'Moje objednávky - NicoLips'}","{'city': 'Bratislava', 'country': 'Slovakia', 'continent': 'Europe', 'region': 'Bratislava Region'}","[{'id': 5775046007, 'name': 'All Users', 'membership_start_timestamp_micros': 1736806876000000, 'membership_expiry_timestamp_micros': 1783462956000000, 'npa': False}]",[],"{'revenue_in_usd': None, 'sessions': 1, 'engagement_time_millis': 57616, 'purchases': None, 'engaged_sessions': 1, 'session_duration_micros': 79312398}","{'in_app_purchase_score_7d': None, 'purchase_score_7d': None, 'churn_score_7d': None, 'revenue_28d_in_usd': None}","{'is_limited_ad_tracking': 'false', 'is_ads_personalization_allowed': '(not set)'}",20250113,20250113
6ebedc5c36c9eaefc92190649c86003f1e137001eae80089e3f8f18d509d910a,"{'last_active_timestamp_micros': 1736774600147492, 'user_first_touch_timestamp_micros': 0, 'first_purchase_date': None}","{'operating_system': 'web', 'category': 'mobile', 'mobile_brand_name': 'Xiaomi', 'mobile_model_name': 'Redmi Note 8T', 'unified_screen_name': 'Vyhľadávanie - NicoLips'}","{'city': '', 'country': 'Slovakia', 'continent': 'Europe', 'region': 'Presov Region'}","[{'id': 5775046007, 'name': 'All Users', 'membership_start_timestamp_micros': 1736774087000000, 'membership_expiry_timestamp_micros': 1783430600000000, 'npa': False}]",[],"{'revenue_in_usd': None, 'sessions': 1, 'engagement_time_millis': 451826, 'purchases': None, 'engaged_sessions': 1, 'session_duration_micros': 512822605}","{'in_app_purchase_score_7d': None, 'purchase_score_7d': None, 'churn_score_7d': None, 'revenue_28d_in_usd': None}","{'is_limited_ad_tracking': 'false', 'is_ads_personalization_allowed': '(not set)'}",20250113,20250113
33c6563088a1f9dc067a59b5c915b76702a9bbabca251c7e7878bf32d0e3eaee,"{'last_active_timestamp_micros': 1736803624359998, 'user_first_touch_timestamp_micros': 1736726400000000, 'first_purchase_date': None}","{'operating_system': 'web', 'category': 'mobile', 'mobile_brand_name': 'Apple', 'mobile_model_name': None, 'unified_screen_name': 'CUBA BLACK CHERRY - nicolips.cz'}","{'city': 'Kladno', 'country': 'Czechia', 'continent': 'Europe', 'region': 'Central Bohemian Region'}","[{'id': 5775046007, 'name': 'All Users', 'membership_start_timestamp_micros': 1736758277000000, 'membership_expiry_timestamp_micros': 1783459624000000, 'npa': False}]",[],"{'revenue_in_usd': None, 'sessions': 5, 'engagement_time_millis': 2300440, 'purchases': None, 'engaged_sessions': 5, 'session_duration_micros': 4851507595}","{'in_app_purchase_score_7d': None, 'purchase_score_7d': None, 'churn_score_7d': None, 'revenue_28d_in_usd': None}","{'is_limited_ad_tracking': 'false', 'is_ads_personalization_allowed': '(not set)'}",20250113,20250113
a7b493960148acee9e420c429730058ede8ff0c1821506f78136baac6884a628,"{'last_active_timestamp_micros': 1736774721754710, 'user_first_touch_timestamp_micros': 1731369600000000, 'first_purchase_date': None}","{'operating_system': 'web', 'category': 'mobile', 'mobile_brand_name': 'Mozilla', 'mobile_model_name': None, 'unified_screen_name': 'Objednávka - informácie o Vás'}","{'city': 'Bratislava', 'country': 'Slovakia', 'continent': 'Europe', 'region': 'Bratislava Region'}","[{'id': 5775046007, 'name': 'All Users', 'membership_start_timestamp_micros': 1731437245000000, 'membership_expiry_timestamp_micros': 1783430721000000, 'npa': False}]",[],"{'revenue_in_usd': None, 'sessions': 6, 'engagement_time_millis': 2346328, 'purchases': None, 'engaged_sessions': 6, 'session_duration_micros': 4420424776}","{'in_app_purchase_score_7d': None, 'purchase_score_7d': None, 'churn_score_7d': None, 'revenue_28d_in_usd': None}","{'is_limited_ad_tracking': 'false', 'is_ads_personalization_allowed': '(not set)'}",20250113,20250113
10137ccc9305d604e9c4c1ab75f38aab40d086a497af29e83f5497e0944702ad,"{'last_active_timestamp_micros': 1736797519272184, 'user_first_touch_timestamp_micros': 0, 'first_purchase_date': None}","{'operating_system': 'web', 'category': 'mobile', 'mobile_brand_name': 'Apple', 'mobile_model_name': None, 'unified_screen_name': 'Moje objednávky - NicoLips'}","{'city': 'Bratislava', 'country': 'Slovakia', 'continent': 'Europe', 'region': 'Bratislava Region'}","[{'id': 5775046007, 'name': 'All Users', 'membership_start_timestamp_micros': 1736783142000000, 'membership_expiry_timestamp_micros': 1783453519000000, 'npa': False}]",[],"{'revenue_in_usd': None, 'sessions': 3, 'engagement_time_millis': 421996, 'purchases': None, 'engaged_sessions': 3, 'session_duration_micros': 2316197089}","{'in_app_purchase_score_7d': None, 'purchase_score_7d': None, 'churn_score_7d': None, 'revenue_28d_in_usd': None}","{'is_limited_ad_tracking': 'false', 'is_ads_personalization_allowed': '(not set)'}",20250113,20250113
7d3e7d380c3c8bbf4ae1fe90bb6f94abbdbb8c88256cb7de1868594e97275115,"{'last_active_timestamp_micros': 1736779398240164, 'user_first_touch_timestamp_micros': 0, 'first_purchase_date': None}","{'operating_system': 'web', 'category': 'mobile', 'mobile_brand_name': 'Xiaomi', 'mobile_model_name': '23124RA7EO', 'unified_screen_name': 'Klientské centrum - NicoLips'}","{'city': '', 'country': 'Slovakia', 'continent': 'Europe', 'region': 'Presov Region'}","[{'id': 5775046007, 'name': 'All Users', 'membership_start_timestamp_micros': 1734389699000000, 'membership_expiry_timestamp_micros': 1783435398000000, 'npa': False}]",[],"{'revenue_in_usd': None, 'sessions': 7, 'engagement_time_millis': 5958768, 'purchases': None, 'engaged_sessions': 7, 'session_duration_micros': 21881695700}","{'in_app_purchase_score_7d': None, 'purchase_score_7d': None, 'churn_score_7d': None, 'revenue_28d_in_usd': None}","{'is_limited_ad_tracking': 'false', 'is_ads_personalization_allowed': '(not set)'}",20250113,20250113
4a2039deac44dd93c9a2532f82a66c3d5f7170a006c1a707a2a32891214f2b69,"{'last_active_timestamp_micros': 1736767484555116, 'user_first_touch_timestamp_micros': 1736726400000000, 'first_purchase_date': None}","{'operating_system': 'web', 'category': 'mobile', 'mobile_brand_name': 'Apple', 'mobile_model_name': None, 'unified_screen_name': 'Nikotínové vrecúška - NicoLips'}","{'city': 'Bratislava', 'country': 'Slovakia', 'continent': 'Europe', 'region': 'Bratislava Region'}","[{'id': 5775046007, 'name': 'All Users', 'membership_start_timestamp_micros': 1736766755000000, 'membership_expiry_timestamp_micros': 1783423484000000, 'npa': False}]",[],"{'revenue_in_usd': None, 'sessions': 1, 'engagement_time_millis': 402833, 'purchases': None, 'engaged_sessions': 1, 'session_duration_micros': 728791380}","{'in_app_purchase_score_7d': None, 'purchase_score_7d': None, 'churn_score_7d': None, 'revenue_28d_in_usd': None}","{'is_limited_ad_tracking': 'false', 'is_ads_personalization_allowed': '(not set)'}",20250113,20250113
efb7e9a5a948372d0c455e51631442b2cb707e779f3ecf8b956ba945f0510809,"{'last_active_timestamp_micros': 1736783014226521, 'user_first_touch_timestamp_micros': 0, 'first_purchase_date': None}","{'operating_system': 'web', 'category': 'mobile', 'mobile_brand_name': 'Xiaomi', 'mobile_model_name': '22126RN91Y', 'unified_screen_name': 'Nikotínové vrecúška podľa sily - nicolips.sk'}","{'city': 'Kosice', 'country': 'Slovakia', 'continent': 'Europe', 'region': 'Kosice Region'}","[{'id': 5775046007, 'name': 'All Users', 'membership_start_timestamp_micros': 1736782622000000, 'membership_expiry_timestamp_micros': 1783439014000000, 'npa': False}]",[],"{'revenue_in_usd': None, 'sessions': 1, 'engagement_time_millis': 300220, 'purchases': None, 'engaged_sessions': 1, 'session_duration_micros': 392210471}","{'in_app_purchase_score_7d': None, 'purchase_score_7d': None, 'churn_score_7d': None, 'revenue_28d_in_usd': None}","{'is_limited_ad_tracking': 'false', 'is_ads_personalization_allowed': '(not set)'}",20250113,20250113
4a9bd71d5d49989673bb5ca9cfd3df05641f591d8da897088379543e3b0983fb,"{'last_active_timestamp_micros': 1736765026177439, 'user_first_touch_timestamp_micros': 1736640000000000, 'first_purchase_date': None}","{'operating_system': 'web', 'category': 'mobile', 'mobile_brand_name': None, 'mobile_model_name': 'SM-A556B', 'unified_screen_name': 'Moje objednávky - NicoLips'}","{'city': 'Bratislava', 'country': 'Slovakia', 'continent': 'Europe', 'region': 'Bratislava Region'}","[{'id': 5775046007, 'name': 'All Users', 'membership_start_timestamp_micros': 1736679821000000, 'membership_expiry_timestamp_micros': 1783421026000000, 'npa': False}]",[],"{'revenue_in_usd': None, 'sessions': 3, 'engagement_time_millis': 111272, 'purchases': None, 'engaged_sessions': 2, 'session_duration_micros': 933219904}","{'in_app_purchase_score_7d': None, 'purchase_score_7d': None, 'churn_score_7d': None, 'revenue_28d_in_usd': None}","{'is_limited_ad_tracking': 'false', 'is_ads_personalization_allowed': '(not set)'}",20250113,20250113
bf01c6f3f3a56b68bd878b35fb8ab507b7f33d389a78f77d328d0645618f7ea5,"{'last_active_timestamp_micros': 1736768280407329, 'user_first_touch_timestamp_micros': 0, 'first_purchase_date': None}","{'operating_system': 'web', 'category': 'mobile', 'mobile_brand_name': 'Apple', 'mobile_model_name': None, 'unified_screen_name': 'Nastavenie môjho účtu - NicoLips'}","{'city': 'Bratislava', 'country': 'Slovakia', 'continent': 'Europe', 'region': 'Bratislava Region'}","[{'id': 5775046007, 'name': 'All Users', 'membership_start_timestamp_micros': 1736768217000000, 'membership_expiry_timestamp_micros': 1783424280000000, 'npa': False}]",[],"{'revenue_in_usd': None, 'sessions': 1, 'engagement_time_millis': 46680, 'purchases': None, 'engaged_sessions': 1, 'session_duration_micros': 63385574}","{'in_app_purchase_score_7d': None, 'purchase_score_7d': None, 'churn_score_7d': None, 'revenue_28d_in_usd': None}","{'is_limited_ad_tracking': 'false', 'is_ads_personalization_allowed': '(not set)'}",20250113,20250113
8f16e61dfd94b1b61b7127d62c120f17ddd33cb0c3efd0c395c25b8b9c66a9ff,"{'last_active_timestamp_micros': 1736730615074487, 'user_first_touch_timestamp_micros': 1736726400000000, 'first_purchase_date': None}","{'operating_system': 'web', 'category': 'mobile', 'mobile_brand_name': 'Huawei', 'mobile_model_name': 'VOG-L29', 'unified_screen_name': 'Objednávka - informácie o Vás'}","{'city': 'Bratislava', 'country': 'Slovakia', 'continent': 'Europe', 'region': 'Bratislava Region'}","[{'id': 5775046007, 'name': 'All Users', 'membership_start_timestamp_micros': 1736727267000000, 'membership_expiry_timestamp_micros': 1783386615000000, 'npa': False}]",[],"{'revenue_in_usd': None, 'sessions': 1, 'engagement_time_millis': 786134, 'purchases': None, 'engaged_sessions': 1, 'session_duration_micros': 3347580426}","{'in_app_purchase_score_7d': None, 'purchase_score_7d': None, 'churn_score_7d': None, 'revenue_28d_in_usd': None}","{'is_limited_ad_tracking': 'false', 'is_ads_personalization_allowed': '(not set)'}",20250113,20250113
fb78e38e19aff67b1f272dce0ec8218a6867bc36c6e0d8b641a2658eed953a2c,"{'last_active_timestamp_micros': 1736734358446166, 'user_first_touch_timestamp_micros': 1736726400000000, 'first_purchase_date': None}","{'operating_system': 'web', 'category': 'mobile', 'mobile_brand_name': 'Apple', 'mobile_model_name': None, 'unified_screen_name': 'Objednávka - platba a doprava'}","{'city': 'Bratislava', 'country': 'Slovakia', 'continent': 'Europe', 'region': 'Bratislava Region'}","[{'id': 5775046007, 'name': 'All Users', 'membership_start_timestamp_micros': 1736733708000000, 'membership_expiry_timestamp_micros': 1783390358000000, 'npa': False}]",[],"{'revenue_in_usd': None, 'sessions': 1, 'engagement_time_millis': 342732, 'purchases': None, 'engaged_sessions': 1, 'session_duration_micros': 650337179}","{'in_app_purchase_score_7d': None, 'purchase_score_7d': None, 'churn_score_7d': None, 'revenue_28d_in_usd': None}","{'is_limited_ad_tracking': 'false', 'is_ads_personalization_allowed': '(not set)'}",20250113,20250113
82f4bf3996e686a6f99072195ff8c00b1b5d6e525df6ed728b696199036326c5,"{'last_active_timestamp_micros': 1736730042325806, 'user_first_touch_timestamp_micros': 0, 'first_purchase_date': None}","{'operating_system': 'web', 'category': 'mobile', 'mobile_brand_name': 'Samsung', 'mobile_model_name': 'SM-A336B', 'unified_screen_name': 'CUBA NINJA MINT FRESH - nicolips.sk'}","{'city': 'Zvolen', 'country': 'Slovakia', 'continent': 'Europe', 'region': 'Banska Bystrica Region'}","[{'id': 5775046007, 'name': 'All Users', 'membership_start_timestamp_micros': 1736715718000000, 'membership_expiry_timestamp_micros': 1783386042000000, 'npa': False}]",[],"{'revenue_in_usd': None, 'sessions': 2, 'engagement_time_millis': 988767, 'purchases': None, 'engaged_sessions': 2, 'session_duration_micros': 2463881314}","{'in_app_purchase_score_7d': None, 'purchase_score_7d': None, 'churn_score_7d': None, 'revenue_28d_in_usd': None}","{'is_limited_ad_tracking': 'false', 'is_ads_personalization_allowed': '(not set)'}",20250113,20250113
d99e5f249d5d292983568c958d352c5461e83571063aaefe0a23a9cb199efb99,"{'last_active_timestamp_micros': 1736748047408864, 'user_first_touch_timestamp_micros': 1732320000000000, 'first_purchase_date': None}","{'operating_system': 'web', 'category': 'mobile', 'mobile_brand_name': 'Apple', 'mobile_model_name': None, 'unified_screen_name': 'Objednávka - informácie o Vás'}","{'city': 'Bratislava', 'country': 'Slovakia', 'continent': 'Europe', 'region': 'Bratislava Region'}","[{'id': 5775046007, 'name': 'All Users', 'membership_start_timestamp_micros': 1732377567000000, 'membership_expiry_timestamp_micros': 1783404047000000, 'npa': False}]",[],"{'revenue_in_usd': None, 'sessions': 3, 'engagement_time_millis': 491351, 'purchases': None, 'engaged_sessions': 3, 'session_duration_micros': 1001396594}","{'in_app_purchase_score_7d': None, 'purchase_score_7d': None, 'churn_score_7d': None, 'revenue_28d_in_usd': None}","{'is_limited_ad_tracking': 'false', 'is_ads_personalization_allowed': '(not set)'}",20250113,20250113
8024e938bdeaf12a9a6c72e9889095887a53ebbc9f09141805ae5f6f6d8f08f6,"{'last_active_timestamp_micros': 1736778449662252, 'user_first_touch_timestamp_micros': 1736726400000000, 'first_purchase_date': None}","{'operating_system': 'web', 'category': 'mobile', 'mobile_brand_name': 'Apple', 'mobile_model_name': None, 'unified_screen_name': 'Klientske centrum - NicoLips'}","{'city': 'Bratislava', 'country': 'Slovakia', 'continent': 'Europe', 'region': 'Bratislava Region'}","[{'id': 5775046007, 'name': 'All Users', 'membership_start_timestamp_micros': 1736777966000000, 'membership_expiry_timestamp_micros': 1783434449000000, 'npa': False}]",[],"{'revenue_in_usd': None, 'sessions': 1, 'engagement_time_millis': 378851, 'purchases': None, 'engaged_sessions': 1, 'session_duration_micros': 483069814}","{'in_app_purchase_score_7d': None, 'purchase_score_7d': None, 'churn_score_7d': None, 'revenue_28d_in_usd': None}","{'is_limited_ad_tracking': 'false', 'is_ads_personalization_allowed': '(not set)'}",20250113,20250113
f0f659333f7ab7d24ff1fb5152f10e9f803d9bd6783a8503899b61c9ce02325f,"{'last_active_timestamp_micros': 1736789380990844, 'user_first_touch_timestamp_micros': 1692662400000000, 'first_purchase_date': '20230822'}","{'operating_system': 'web', 'category': 'mobile', 'mobile_brand_name': 'Samsung', 'mobile_model_name': 'SM-A346B', 'unified_screen_name': 'Nikotínové vrecúška, E-cigarety| e-shop Nicolips'}","{'city': 'Nove Zamky', 'country': 'Slovakia', 'continent': 'Europe', 'region': 'Nitra Region'}","[{'id': 5775046007, 'name': 'All Users', 'membership_start_timestamp_micros': 1692736408000000, 'membership_expiry_timestamp_micros': 1783445380000000, 'npa': False}]",[],"{'revenue_in_usd': 36.065321, 'sessions': 4, 'engagement_time_millis': 3008981, 'purchases': 3, 'engaged_sessions': 4, 'session_duration_micros': 8760949614}","{'in_app_purchase_score_7d': None, 'purchase_score_7d': None, 'churn_score_7d': None, 'revenue_28d_in_usd': None}","{'is_limited_ad_tracking': 'false', 'is_ads_personalization_allowed': '(not set)'}",20250113,20250113
796224afea49c714efe1fff517de1bb21a4f3ed01e81b9f7b053c0a8629d32d9,"{'last_active_timestamp_micros': 1736783229221251, 'user_first_touch_timestamp_micros': 1736208000000000, 'first_purchase_date': '20240913'}","{'operating_system': 'web', 'category': 'mobile', 'mobile_brand_name': 'Apple', 'mobile_model_name': 'STK-LX1', 'unified_screen_name': 'Nikotínové vrecúška - nicolips.sk'}","{'city': 'Bratislava', 'country': 'Slovakia', 'continent': 'Europe', 'region': 'Bratislava Region'}","[{'id': 5775046007, 'name': 'All Users', 'membership_start_timestamp_micros': 1726244214000000, 'membership_expiry_timestamp_micros': 1783439229000000, 'npa': False}]",[],"{'revenue_in_usd': 111.676578, 'sessions': 11, 'engagement_time_millis': 1336542, 'purchases': 1, 'engaged_sessions': 10, 'session_duration_micros': 3887742519}","{'in_app_purchase_score_7d': None, 'purchase_score_7d': None, 'churn_score_7d': None, 'revenue_28d_in_usd': None}","{'is_limited_ad_tracking': 'false', 'is_ads_personalization_allowed': '(not set)'}",20250113,20250113
370d65228104f2bc7d82212366ef5de6f0baa2819b67e7f9dc2bb14372b967ef,"{'last_active_timestamp_micros': 1736801976538019, 'user_first_touch_timestamp_micros': 0, 'first_purchase_date': '20240127'}","{'operating_system': 'web', 'category': 'mobile', 'mobile_brand_name': 'Samsung', 'mobile_model_name': None, 'unified_screen_name': 'Ďakujeme za objednávku - NicoLips'}","{'city': '', 'country': 'Slovakia', 'continent': 'Europe', 'region': 'Zilina Region'}","[{'id': 5775046007, 'name': 'All Users', 'membership_start_timestamp_micros': 1706370892000000, 'membership_expiry_timestamp_micros': 1783457976000000, 'npa': False}
 {'id': 5775046008, 'name': 'Purchasers', 'membership_start_timestamp_micros': 1706371335000000, 'membership_expiry_timestamp_micros': 1783457632000000, 'npa': False}]",[],"{'revenue_in_usd': 174.138002, 'sessions': 9, 'engagement_time_millis': 2071678, 'purchases': 6, 'engaged_sessions': 9, 'session_duration_micros': 5223951176}","{'in_app_purchase_score_7d': None, 'purchase_score_7d': None, 'churn_score_7d': None, 'revenue_28d_in_usd': None}","{'is_limited_ad_tracking': 'false', 'is_ads_personalization_allowed': '(not set)'}",20250113,20250113
4ec754119926cff92a19434cc6f0669d5a1f5eb05617cbd0bec46cfdbdf0b625,"{'last_active_timestamp_micros': 1736785030056600, 'user_first_touch_timestamp_micros': 1724025600000000, 'first_purchase_date': '20240730'}","{'operating_system': 'web', 'category': 'mobile', 'mobile_brand_name': 'Blackview', 'mobile_model_name': 'BV6600', 'unified_screen_name': 'LOST MARY TAPPO AIR BLACK + USA MIX - nicolips.sk'}","{'city': 'Bratislava', 'country': 'Slovakia', 'continent': 'Europe', 'region': 'Bratislava Region'}","[{'id': 5775046007, 'name': 'All Users', 'membership_start_timestamp_micros': 1721941135000000, 'membership_expiry_timestamp_micros': 1783441030000000, 'npa': False}
 {'id': 5775046008, 'name': 'Purchasers', 'membership_start_timestamp_micros': 1722291114000000, 'membership_expiry_timestamp_micros': 1779646629000000, 'npa': False}]",[],"{'revenue_in_usd': 164.259809, 'sessions': 40, 'engagement_time_millis': 12120701, 'purchases': 10, 'engaged_sessions': 37, 'session_duration_micros': 26729427803}","{'in_app_purchase_score_7d': None, 'purchase_score_7d': None, 'churn_score_7d': None, 'revenue_28d_in_usd': None}","{'is_limited_ad_tracking': 'false', 'is_ads_personalization_allowed': '(not set)'}",20250113,20250113
49ab13dd8bd9b708e627671c913c5b93a4f698b6ac07c0b097c2dddca482ea51,"{'last_active_timestamp_micros': 1736799211484681, 'user_first_touch_timestamp_micros': 1726531200000000, 'first_purchase_date': '20240812'}","{'operating_system': 'web', 'category': 'mobile', 'mobile_brand_name': 'Apple', 'mobile_model_name': None, 'unified_screen_name': 'Moje objednávky - NicoLips'}","{'city': 'Bratislava', 'country': 'Slovakia', 'continent': 'Europe', 'region': 'Bratislava Region'}","[{'id': 5775046007, 'name': 'All Users', 'membership_start_timestamp_micros': 1723484585000000, 'membership_expiry_timestamp_micros': 1783455211000000, 'npa': False}
 {'id': 5775046008, 'name': 'Purchasers', 'membership_start_timestamp_micros': 1727102902000000, 'membership_expiry_timestamp_micros': 1783279282000000, 'npa': False}]",[],"{'revenue_in_usd': 252.5971, 'sessions': 22, 'engagement_time_millis': 3646742, 'purchases': 6, 'engaged_sessions': 18, 'session_duration_micros': 12497059917}","{'in_app_purchase_score_7d': None, 'purchase_score_7d': None, 'churn_score_7d': None, 'revenue_28d_in_usd': None}","{'is_limited_ad_tracking': 'false', 'is_ads_personalization_allowed': '(not set)'}",20250113,20250113
9c4127a4c37045e688df1bc4711753f1e2936888b1e6dc29625bbfb20c7a045e,"{'last_active_timestamp_micros': 1736804374564060, 'user_first_touch_timestamp_micros': 1721520000000000, 'first_purchase_date': '20240828'}","{'operating_system': 'web', 'category': 'mobile', 'mobile_brand_name': 'Xiaomi', 'mobile_model_name': '23124RA7EO', 'unified_screen_name': 'Ďakujeme za objednávku - NicoLips'}","{'city': 'Bratislava', 'country': 'Slovakia', 'continent': 'Europe', 'region': 'Bratislava Region'}","[{'id': 5775046007, 'name': 'All Users', 'membership_start_timestamp_micros': 1721521164000000, 'membership_expiry_timestamp_micros': 1783460374000000, 'npa': False}
 {'id': 5775046008, 'name': 'Purchasers', 'membership_start_timestamp_micros': 1724851101000000, 'membership_expiry_timestamp_micros': 1783450103000000, 'npa': False}]",[],"{'revenue_in_usd': 99.409293, 'sessions': 24, 'engagement_time_millis': 4283036, 'purchases': 5, 'engaged_sessions': 21, 'session_duration_micros': 7722897670}","{'in_app_purchase_score_7d': None, 'purchase_score_7d': None, 'churn_score_7d': None, 'revenue_28d_in_usd': None}","{'is_limited_ad_tracking': 'false', 'is_ads_personalization_allowed': '(not set)'}",20250113,20250113
06f11187f8aabfff834d139c54af156a2e9ca910a5d08459c8079bef80c4692e,"{'last_active_timestamp_micros': 1736797528949466, 'user_first_touch_timestamp_micros': 1729296000000000, 'first_purchase_date': '20240828'}","{'operating_system': 'web', 'category': 'mobile', 'mobile_brand_name': 'Apple', 'mobile_model_name': None, 'unified_screen_name': 'Ďakujeme za objednávku - NicoLips'}","{'city': 'Bratislava', 'country': 'Slovakia', 'continent': 'Europe', 'region': 'Bratislava Region'}","[{'id': 5775046007, 'name': 'All Users', 'membership_start_timestamp_micros': 1724843108000000, 'membership_expiry_timestamp_micros': 1783453528000000, 'npa': False}
 {'id': 5775046008, 'name': 'Purchasers', 'membership_start_timestamp_micros': 1728493546000000, 'membership_expiry_timestamp_micros': 1783453521000000, 'npa': False}]",[],"{'revenue_in_usd': 150.054665, 'sessions': 81, 'engagement_time_millis': 9225591, 'purchases': 11, 'engaged_sessions': 76, 'session_duration_micros': 26970767203}","{'in_app_purchase_score_7d': None, 'purchase_score_7d': None, 'churn_score_7d': None, 'revenue_28d_in_usd': None}","{'is_limited_ad_tracking': 'false', 'is_ads_personalization_allowed': '(not set)'}",20250113,20250113
9507639f97de164136dab3b71b8d25a9a74813c2a4b3eed8d2d02c309cc54cb5,"{'last_active_timestamp_micros': 1736750020518982, 'user_first_touch_timestamp_micros': 1727136000000000, 'first_purchase_date': '20240924'}","{'operating_system': 'web', 'category': 'mobile', 'mobile_brand_name': 'Apple', 'mobile_model_name': None, 'unified_screen_name': 'Ďakujeme za objednávku - NicoLips'}","{'city': 'Bratislava', 'country': 'Slovakia', 'continent': 'Europe', 'region': 'Bratislava Region'}","[{'id': 5775046007, 'name': 'All Users', 'membership_start_timestamp_micros': 1727152576000000, 'membership_expiry_timestamp_micros': 1783406020000000, 'npa': False}
 {'id': 5775046008, 'name': 'Purchasers', 'membership_start_timestamp_micros': 1727153699000000, 'membership_expiry_timestamp_micros': 1783406007000000, 'npa': False}]",[],"{'revenue_in_usd': 21.409961, 'sessions': 2, 'engagement_time_millis': 1229804, 'purchases': 2, 'engaged_sessions': 2, 'session_duration_micros': 1744877987}","{'in_app_purchase_score_7d': None, 'purchase_score_7d': None, 'churn_score_7d': None, 'revenue_28d_in_usd': None}","{'is_limited_ad_tracking': 'false', 'is_ads_personalization_allowed': '(not set)'}",20250113,20250113
b5ad81b84057ed9294c1b7cd4a63029fa732f972e05197415304571baa6b8470,"{'last_active_timestamp_micros': 1736776409776918, 'user_first_touch_timestamp_micros': 1727222400000000, 'first_purchase_date': '20240925'}","{'operating_system': 'web', 'category': 'mobile', 'mobile_brand_name': 'Apple', 'mobile_model_name': None, 'unified_screen_name': 'Ďakujeme za objednávku - NicoLips'}","{'city': 'Bratislava', 'country': 'Slovakia', 'continent': 'Europe', 'region': 'Bratislava Region'}","[{'id': 5775046007, 'name': 'All Users', 'membership_start_timestamp_micros': 1727283337000000, 'membership_expiry_timestamp_micros': 1783432409000000, 'npa': False}
 {'id': 5775046008, 'name': 'Purchasers', 'membership_start_timestamp_micros': 1727284340000000, 'membership_expiry_timestamp_micros': 1783429393000000, 'npa': False}]",[],"{'revenue_in_usd': 233.12761, 'sessions': 18, 'engagement_time_millis': 6262229, 'purchases': 4, 'engaged_sessions': 15, 'session_duration_micros': 9390827561}","{'in_app_purchase_score_7d': None, 'purchase_score_7d': None, 'churn_score_7d': None, 'revenue_28d_in_usd': None}","{'is_limited_ad_tracking': 'false', 'is_ads_personalization_allowed': '(not set)'}",20250113,20250113
3752789c77f2e1f3f9b0ee9753f5832dcca93b73f757469913885f321b28eeaa,"{'last_active_timestamp_micros': 1736808361386844, 'user_first_touch_timestamp_micros': 1730592000000000, 'first_purchase_date': '20241103'}","{'operating_system': 'web', 'category': 'mobile', 'mobile_brand_name': 'Xiaomi', 'mobile_model_name': '23076RN8DY', 'unified_screen_name': 'Moje objednávky - NicoLips'}","{'city': 'Bratislava', 'country': 'Slovakia', 'continent': 'Europe', 'region': 'Bratislava Region'}","[{'id': 5775046007, 'name': 'All Users', 'membership_start_timestamp_micros': 1730641497000000, 'membership_expiry_timestamp_micros': 1783464361000000, 'npa': False}
 {'id': 5775046008, 'name': 'Purchasers', 'membership_start_timestamp_micros': 1730642073000000, 'membership_expiry_timestamp_micros': 1783451686000000, 'npa': False}]",[],"{'revenue_in_usd': 16.58006, 'sessions': 5, 'engagement_time_millis': 1070902, 'purchases': 2, 'engaged_sessions': 4, 'session_duration_micros': 1459197668}","{'in_app_purchase_score_7d': None, 'purchase_score_7d': None, 'churn_score_7d': None, 'revenue_28d_in_usd': None}","{'is_limited_ad_tracking': 'false', 'is_ads_personalization_allowed': '(not set)'}",20250113,20250113
b7e84058b17f7f2218aae3a308e358f2f7b737e31e6e2a3369039d7726eede6c,"{'last_active_timestamp_micros': 1736764924579898, 'user_first_touch_timestamp_micros': 0, 'first_purchase_date': '20241221'}","{'operating_system': 'web', 'category': 'mobile', 'mobile_brand_name': 'Samsung', 'mobile_model_name': 'SM-A528B', 'unified_screen_name': 'Kontakt - NicoLips'}","{'city': 'Prague', 'country': 'Czechia', 'continent': 'Europe', 'region': 'Prague'}","[{'id': 5775046007, 'name': 'All Users', 'membership_start_timestamp_micros': 1734589276000000, 'membership_expiry_timestamp_micros': 1783420924000000, 'npa': False}
 {'id': 5775046008, 'name': 'Purchasers', 'membership_start_timestamp_micros': 1734738870000000, 'membership_expiry_timestamp_micros': 1782693654000000, 'npa': False}]",[],"{'revenue_in_usd': 47.186075, 'sessions': 23, 'engagement_time_millis': 2451852, 'purchases': 2, 'engaged_sessions': 23, 'session_duration_micros': 7924440676}","{'in_app_purchase_score_7d': None, 'purchase_score_7d': None, 'churn_score_7d': None, 'revenue_28d_in_usd': None}","{'is_limited_ad_tracking': 'false', 'is_ads_personalization_allowed': '(not set)'}",20250113,20250113
104e54a79a400edcc30c66b31590e0ac0bc4353b90869dd4bd54633674b8d792,"{'last_active_timestamp_micros': 1736774986280356, 'user_first_touch_timestamp_micros': 1736035200000000, 'first_purchase_date': '20250105'}","{'operating_system': 'web', 'category': 'desktop', 'mobile_brand_name': 'Google', 'mobile_model_name': None, 'unified_screen_name': 'Parancsaim - NicoLips'}","{'city': 'Szombathely', 'country': 'Hungary', 'continent': 'Europe', 'region': 'Vas County'}","[{'id': 5775046007, 'name': 'All Users', 'membership_start_timestamp_micros': 1736099936000000, 'membership_expiry_timestamp_micros': 1783430986000000, 'npa': False}
 {'id': 5775046008, 'name': 'Purchasers', 'membership_start_timestamp_micros': 1736102108000000, 'membership_expiry_timestamp_micros': 1783430965000000, 'npa': False}]",[],"{'revenue_in_usd': 280.449756, 'sessions': 3, 'engagement_time_millis': 964589, 'purchases': 2, 'engaged_sessions': 3, 'session_duration_micros': 2830089405}","{'in_app_purchase_score_7d': None, 'purchase_score_7d': None, 'churn_score_7d': None, 'revenue_28d_in_usd': None}","{'is_limited_ad_tracking': 'false', 'is_ads_personalization_allowed': '(not set)'}",20250113,20250113
4126139d0cc9831527befab2d7832e817d9aef7896d9bb6a0b7de30aa321ed6c,"{'last_active_timestamp_micros': 1736803929956281, 'user_first_touch_timestamp_micros': 1736467200000000, 'first_purchase_date': '20250110'}","{'operating_system': 'web', 'category': 'mobile', 'mobile_brand_name': 'Apple', 'mobile_model_name': None, 'unified_screen_name': 'Klientske centrum - NicoLips'}","{'city': 'Bratislava', 'country': 'Slovakia', 'continent': 'Europe', 'region': 'Bratislava Region'}","[{'id': 5775046007, 'name': 'All Users', 'membership_start_timestamp_micros': 1736524957000000, 'membership_expiry_timestamp_micros': 1783459929000000, 'npa': False}
 {'id': 5775046008, 'name': 'Purchasers', 'membership_start_timestamp_micros': 1736525655000000, 'membership_expiry_timestamp_micros': 1783181655000000, 'npa': False}]",[],"{'revenue_in_usd': 6.032488, 'sessions': 10, 'engagement_time_millis': 673988, 'purchases': 1, 'engaged_sessions': 9, 'session_duration_micros': 4122878972}","{'in_app_purchase_score_7d': None, 'purchase_score_7d': None, 'churn_score_7d': None, 'revenue_28d_in_usd': None}","{'is_limited_ad_tracking': 'false', 'is_ads_personalization_allowed': '(not set)'}",20250113,20250113
001e7dd5bd357311dc07a545c5f1c5b110117aa233baa3bf58685d29d2e5e73d,"{'last_active_timestamp_micros': 1736803952426906, 'user_first_touch_timestamp_micros': 0, 'first_purchase_date': '20250113'}","{'operating_system': 'web', 'category': 'mobile', 'mobile_brand_name': 'Apple', 'mobile_model_name': None, 'unified_screen_name': 'Ďakujeme za objednávku - NicoLips'}","{'city': 'Bratislava', 'country': 'Slovakia', 'continent': 'Europe', 'region': 'Bratislava Region'}","[{'id': 5775046007, 'name': 'All Users', 'membership_start_timestamp_micros': 1736803584000000, 'membership_expiry_timestamp_micros': 1783459952000000, 'npa': False}
 {'id': 5775046008, 'name': 'Purchasers', 'membership_start_timestamp_micros': 1736803942000000, 'membership_expiry_timestamp_micros': 1783459942000000, 'npa': False}]",[],"{'revenue_in_usd': 22.742406, 'sessions': 1, 'engagement_time_millis': 166510, 'purchases': 1, 'engaged_sessions': 1, 'session_duration_micros': 368022157}","{'in_app_purchase_score_7d': None, 'purchase_score_7d': None, 'churn_score_7d': None, 'revenue_28d_in_usd': None}","{'is_limited_ad_tracking': 'false', 'is_ads_personalization_allowed': '(not set)'}",20250113,20250113
3addc39012ce01fb5d5ed7ac42822e842e94e677d23f5b892480bcf22b653f1a,"{'last_active_timestamp_micros': 1736790430983038, 'user_first_touch_timestamp_micros': 0, 'first_purchase_date': '20250113'}","{'operating_system': 'web', 'category': 'mobile', 'mobile_brand_name': 'Huawei', 'mobile_model_name': 'LYA-L29', 'unified_screen_name': 'Ďakujeme za objednávku - NicoLips'}","{'city': '', 'country': 'Slovakia', 'continent': 'Europe', 'region': 'Kosice Region'}","[{'id': 5775046007, 'name': 'All Users', 'membership_start_timestamp_micros': 1736789041000000, 'membership_expiry_timestamp_micros': 1783446430000000, 'npa': False}
 {'id': 5775046008, 'name': 'Purchasers', 'membership_start_timestamp_micros': 1736790430000000, 'membership_expiry_timestamp_micros': 1783446430000000, 'npa': False}]",[],"{'revenue_in_usd': 16.728986, 'sessions': 1, 'engagement_time_millis': 579505, 'purchases': 1, 'engaged_sessions': 1, 'session_duration_micros': 1389230599}","{'in_app_purchase_score_7d': None, 'purchase_score_7d': None, 'churn_score_7d': None, 'revenue_28d_in_usd': None}","{'is_limited_ad_tracking': 'false', 'is_ads_personalization_allowed': '(not set)'}",20250113,20250113
47059dbbe6795478ac0eca1dcae3e0590d9122c71f37595e6b2590fba3597f08,"{'last_active_timestamp_micros': 1736765105839665, 'user_first_touch_timestamp_micros': 0, 'first_purchase_date': '20250113'}","{'operating_system': 'web', 'category': 'mobile', 'mobile_brand_name': 'Xiaomi', 'mobile_model_name': '23090RA98G', 'unified_screen_name': 'Ďakujeme za objednávku - NicoLips'}","{'city': 'Nitra', 'country': 'Slovakia', 'continent': 'Europe', 'region': 'Nitra Region'}","[{'id': 5775046007, 'name': 'All Users', 'membership_start_timestamp_micros': 1736764391000000, 'membership_expiry_timestamp_micros': 1783421105000000, 'npa': False}
 {'id': 5775046008, 'name': 'Purchasers', 'membership_start_timestamp_micros': 1736765091000000, 'membership_expiry_timestamp_micros': 1783421091000000, 'npa': False}]",[],"{'revenue_in_usd': 68.964811, 'sessions': 1, 'engagement_time_millis': 537123, 'purchases': 1, 'engaged_sessions': 1, 'session_duration_micros': 713984304}","{'in_app_purchase_score_7d': None, 'purchase_score_7d': None, 'churn_score_7d': None, 'revenue_28d_in_usd': None}","{'is_limited_ad_tracking': 'false', 'is_ads_personalization_allowed': '(not set)'}",20250113,20250113
91ea77d838bf5ec4b153d8b7e73bd9796903ce44652406d18648181c54056d80,"{'last_active_timestamp_micros': 1736788799430021, 'user_first_touch_timestamp_micros': 0, 'first_purchase_date': '20250113'}","{'operating_system': 'web', 'category': 'mobile', 'mobile_brand_name': 'Apple', 'mobile_model_name': None, 'unified_screen_name': 'Klientske centrum - NicoLips'}","{'city': 'Bratislava', 'country': 'Slovakia', 'continent': 'Europe', 'region': 'Bratislava Region'}","[{'id': 5775046007, 'name': 'All Users', 'membership_start_timestamp_micros': 1736788477000000, 'membership_expiry_timestamp_micros': 1783444799000000, 'npa': False}
 {'id': 5775046008, 'name': 'Purchasers', 'membership_start_timestamp_micros': 1736788660000000, 'membership_expiry_timestamp_micros': 1783444660000000, 'npa': False}]",[],"{'revenue_in_usd': 15.817241, 'sessions': 1, 'engagement_time_millis': 169028, 'purchases': 1, 'engaged_sessions': 1, 'session_duration_micros': 321601910}","{'in_app_purchase_score_7d': None, 'purchase_score_7d': None, 'churn_score_7d': None, 'revenue_28d_in_usd': None}","{'is_limited_ad_tracking': 'false', 'is_ads_personalization_allowed': '(not set)'}",20250113,20250113
48eebe4f2607ca4cceaf69c7f65f2d2c8898a39bc044289df38c536d8f242906,"{'last_active_timestamp_micros': 1736792551498405, 'user_first_touch_timestamp_micros': 0, 'first_purchase_date': '20250113'}","{'operating_system': 'web', 'category': 'mobile', 'mobile_brand_name': 'Apple', 'mobile_model_name': None, 'unified_screen_name': 'Ďakujeme za objednávku - NicoLips'}","{'city': '', 'country': 'Slovakia', 'continent': 'Europe', 'region': 'Trencin Region'}","[{'id': 5775046007, 'name': 'All Users', 'membership_start_timestamp_micros': 1736791640000000, 'membership_expiry_timestamp_micros': 1783448551000000, 'npa': False}
 {'id': 5775046008, 'name': 'Purchasers', 'membership_start_timestamp_micros': 1736792543000000, 'membership_expiry_timestamp_micros': 1783448543000000, 'npa': False}]",[],"{'revenue_in_usd': 17.650976, 'sessions': 1, 'engagement_time_millis': 663263, 'purchases': 1, 'engaged_sessions': 1, 'session_duration_micros': 911480678}","{'in_app_purchase_score_7d': None, 'purchase_score_7d': None, 'churn_score_7d': None, 'revenue_28d_in_usd': None}","{'is_limited_ad_tracking': 'false', 'is_ads_personalization_allowed': '(not set)'}",20250113,20250113
2b805d6c5543fbfa748075ef3e2523ccb768c7ab6f1da1abe17466a61f273d9c,"{'last_active_timestamp_micros': 1736785256783958, 'user_first_touch_timestamp_micros': 0, 'first_purchase_date': '20250113'}","{'operating_system': 'web', 'category': 'mobile', 'mobile_brand_name': 'Xiaomi', 'mobile_model_name': 'M2003J15SC', 'unified_screen_name': 'Hodnotenie obchodu - NicoLips'}","{'city': 'Martin', 'country': 'Slovakia', 'continent': 'Europe', 'region': 'Zilina Region'}","[{'id': 5775046007, 'name': 'All Users', 'membership_start_timestamp_micros': 1736748088000000, 'membership_expiry_timestamp_micros': 1783441256000000, 'npa': False}
 {'id': 5775046008, 'name': 'Purchasers', 'membership_start_timestamp_micros': 1736748597000000, 'membership_expiry_timestamp_micros': 1783404597000000, 'npa': False}]",[],"{'revenue_in_usd': 9.424781, 'sessions': 3, 'engagement_time_millis': 675258, 'purchases': 1, 'engaged_sessions': 3, 'session_duration_micros': 1237575585}","{'in_app_purchase_score_7d': None, 'purchase_score_7d': None, 'churn_score_7d': None, 'revenue_28d_in_usd': None}","{'is_limited_ad_tracking': 'false', 'is_ads_personalization_allowed': '(not set)'}",20250113,20250113
9eebd4126dc66080ddef0202677f88a73fa9fc6f9474a800f70e33bff43a2a5c,"{'last_active_timestamp_micros': 1736770095271495, 'user_first_touch_timestamp_micros': 0, 'first_purchase_date': '20250113'}","{'operating_system': 'web', 'category': 'mobile', 'mobile_brand_name': 'Apple', 'mobile_model_name': None, 'unified_screen_name': 'Děkujeme za objednávku - NicoLips'}","{'city': 'Prague', 'country': 'Czechia', 'continent': 'Europe', 'region': 'Prague'}","[{'id': 5775046007, 'name': 'All Users', 'membership_start_timestamp_micros': 1736764472000000, 'membership_expiry_timestamp_micros': 1783426095000000, 'npa': False}
 {'id': 5775046008, 'name': 'Purchasers', 'membership_start_timestamp_micros': 1736765151000000, 'membership_expiry_timestamp_micros': 1783421151000000, 'npa': False}]",[],"{'revenue_in_usd': 18.62806, 'sessions': 2, 'engagement_time_millis': 472596, 'purchases': 1, 'engaged_sessions': 1, 'session_duration_micros': 692058322}","{'in_app_purchase_score_7d': None, 'purchase_score_7d': None, 'churn_score_7d': None, 'revenue_28d_in_usd': None}","{'is_limited_ad_tracking': 'false', 'is_ads_personalization_allowed': '(not set)'}",20250113,20250113
6131b3a161b49f3cac56c4452e5d29cee6a62b5e5bb033c9d14138c088422bca,"{'last_active_timestamp_micros': 1736770580851432, 'user_first_touch_timestamp_micros': 1698710400000000, 'first_purchase_date': '20231107'}","{'operating_system': 'web', 'category': 'mobile', 'mobile_brand_name': 'Apple', 'mobile_model_name': None, 'unified_screen_name': 'Ďakujeme za objednávku - NicoLips'}","{'city': 'Banska Bystrica', 'country': 'Slovakia', 'continent': 'Europe', 'region': 'Banska Bystrica Region'}","[{'id': 5775046008, 'name': 'Purchasers', 'membership_start_timestamp_micros': 1727957254000000, 'membership_expiry_timestamp_micros': 1783426568000000, 'npa': False}
 {'id': 5775046007, 'name': 'All Users', 'membership_start_timestamp_micros': 1698787924000000, 'membership_expiry_timestamp_micros': 1783426580000000, 'npa': False}]",[],"{'revenue_in_usd': 346.199507, 'sessions': 35, 'engagement_time_millis': 9912696, 'purchases': 7, 'engaged_sessions': 32, 'session_duration_micros': 28051653718}","{'in_app_purchase_score_7d': None, 'purchase_score_7d': None, 'churn_score_7d': None, 'revenue_28d_in_usd': None}","{'is_limited_ad_tracking': 'false', 'is_ads_personalization_allowed': '(not set)'}",20250113,20250113
807680114b640cb9cfacb0ab17c826466f197702e0c56a7cab093465011c862d,"{'last_active_timestamp_micros': 1736749794052011, 'user_first_touch_timestamp_micros': 1704067200000000, 'first_purchase_date': '20240101'}","{'operating_system': 'web', 'category': 'mobile', 'mobile_brand_name': 'Samsung', 'mobile_model_name': 'SM-A146P', 'unified_screen_name': 'VOOM - nicolips.cz'}","{'city': 'Bratislava', 'country': 'Slovakia', 'continent': 'Europe', 'region': 'Bratislava Region'}","[{'id': 5775046008, 'name': 'Purchasers', 'membership_start_timestamp_micros': 1733641578000000, 'membership_expiry_timestamp_micros': 1783283548000000, 'npa': False}
 {'id': 5775046007, 'name': 'All Users', 'membership_start_timestamp_micros': 1704143540000000, 'membership_expiry_timestamp_micros': 1783405794000000, 'npa': False}]",[],"{'revenue_in_usd': 64.007462, 'sessions': 15, 'engagement_time_millis': 2951138, 'purchases': 6, 'engaged_sessions': 15, 'session_duration_micros': 4918405054}","{'in_app_purchase_score_7d': None, 'purchase_score_7d': None, 'churn_score_7d': None, 'revenue_28d_in_usd': None}","{'is_limited_ad_tracking': 'false', 'is_ads_personalization_allowed': '(not set)'}",20250113,20250113
94b2e22f31004e3dcd9120beca98572e51cffd8c1bb5855785b33adae7ef058b,"{'last_active_timestamp_micros': 1736801910576223, 'user_first_touch_timestamp_micros': 1707955200000000, 'first_purchase_date': '20240122'}","{'operating_system': 'web', 'category': 'mobile', 'mobile_brand_name': 'Samsung', 'mobile_model_name': 'SM-G998B', 'unified_screen_name': 'Moje objednávky - NicoLips'}","{'city': '', 'country': 'Slovakia', 'continent': 'Europe', 'region': 'Trencin Region'}","[{'id': 5775046008, 'name': 'Purchasers', 'membership_start_timestamp_micros': 1705914366000000, 'membership_expiry_timestamp_micros': 1783401734000000, 'npa': False}
 {'id': 5775046007, 'name': 'All Users', 'membership_start_timestamp_micros': 1705913203000000, 'membership_expiry_timestamp_micros': 1783457910000000, 'npa': False}]",[],"{'revenue_in_usd': 602.907825, 'sessions': 93, 'engagement_time_millis': 7016343, 'purchases': 11, 'engaged_sessions': 82, 'session_duration_micros': 46698919748}","{'in_app_purchase_score_7d': None, 'purchase_score_7d': None, 'churn_score_7d': None, 'revenue_28d_in_usd': None}","{'is_limited_ad_tracking': 'false', 'is_ads_personalization_allowed': '(not set)'}",20250113,20250113
fcdadbf844708e30bc5133fb5a89e7c253019b60a762543936208782a186e53f,"{'last_active_timestamp_micros': 1736806795678421, 'user_first_touch_timestamp_micros': 1714953600000000, 'first_purchase_date': '20240212'}","{'operating_system': 'web', 'category': 'mobile', 'mobile_brand_name': 'Apple', 'mobile_model_name': None, 'unified_screen_name': 'Moje objednávky - NicoLips'}","{'city': 'Bratislava', 'country': 'Slovakia', 'continent': 'Europe', 'region': 'Bratislava Region'}","[{'id': 5775046008, 'name': 'Purchasers', 'membership_start_timestamp_micros': 1707734875000000, 'membership_expiry_timestamp_micros': 1783261430000000, 'npa': False}
 {'id': 5775046007, 'name': 'All Users', 'membership_start_timestamp_micros': 1705230080000000, 'membership_expiry_timestamp_micros': 1783462795000000, 'npa': False}]",[],"{'revenue_in_usd': 118.564459, 'sessions': 92, 'engagement_time_millis': 6281840, 'purchases': 6, 'engaged_sessions': 82, 'session_duration_micros': 29961878839}","{'in_app_purchase_score_7d': None, 'purchase_score_7d': None, 'churn_score_7d': None, 'revenue_28d_in_usd': None}","{'is_limited_ad_tracking': 'false', 'is_ads_personalization_allowed': '(not set)'}",20250113,20250113
0b489f90c3de3a7ab71fbc3e16763042178da3eacfd75204352751d8c4109a8d,"{'last_active_timestamp_micros': 1736760732995809, 'user_first_touch_timestamp_micros': 1715126400000000, 'first_purchase_date': '20240508'}","{'operating_system': 'web', 'category': 'mobile', 'mobile_brand_name': 'Samsung', 'mobile_model_name': 'SM-S928B', 'unified_screen_name': 'Nikotínové vrecúška, E-cigarety| e-shop Nicolips'}","{'city': 'Bratislava', 'country': 'Slovakia', 'continent': 'Europe', 'region': 'Bratislava Region'}","[{'id': 5775046008, 'name': 'Purchasers', 'membership_start_timestamp_micros': 1715150520000000, 'membership_expiry_timestamp_micros': 1783416643000000, 'npa': False}
 {'id': 5775046007, 'name': 'All Users', 'membership_start_timestamp_micros': 1715148118000000, 'membership_expiry_timestamp_micros': 1783416732000000, 'npa': False}]",[],"{'revenue_in_usd': 750.80858, 'sessions': 32, 'engagement_time_millis': 7521611, 'purchases': 13, 'engaged_sessions': 31, 'session_duration_micros': 12610399173}","{'in_app_purchase_score_7d': None, 'purchase_score_7d': None, 'churn_score_7d': None, 'revenue_28d_in_usd': None}","{'is_limited_ad_tracking': 'false', 'is_ads_personalization_allowed': '(not set)'}",20250113,20250113
a4ea86d6403860010266319d8afb0964687dca1ca81df115c2d40ad12eeed6b7,"{'last_active_timestamp_micros': 1736798912379923, 'user_first_touch_timestamp_micros': 0, 'first_purchase_date': '20240603'}","{'operating_system': 'web', 'category': 'mobile', 'mobile_brand_name': 'Samsung', 'mobile_model_name': 'SM-A137F', 'unified_screen_name': 'Ďakujeme za objednávku - NicoLips'}","{'city': '', 'country': 'Slovakia', 'continent': 'Europe', 'region': 'Presov Region'}","[{'id': 5775046008, 'name': 'Purchasers', 'membership_start_timestamp_micros': 1717422610000000, 'membership_expiry_timestamp_micros': 1783454912000000, 'npa': False}
 {'id': 5775046007, 'name': 'All Users', 'membership_start_timestamp_micros': 1717419008000000, 'membership_expiry_timestamp_micros': 1783454912000000, 'npa': False}]",[],"{'revenue_in_usd': 147.942232, 'sessions': 21, 'engagement_time_millis': 4908282, 'purchases': 9, 'engaged_sessions': 21, 'session_duration_micros': 12135459322}","{'in_app_purchase_score_7d': None, 'purchase_score_7d': None, 'churn_score_7d': None, 'revenue_28d_in_usd': None}","{'is_limited_ad_tracking': 'false', 'is_ads_personalization_allowed': '(not set)'}",20250113,20250113
b9ce2de5d458818c884fbaca635cc953856db9e055cd7adb2042c4d3ca849ca3,"{'last_active_timestamp_micros': 1736776698437876, 'user_first_touch_timestamp_micros': 0, 'first_purchase_date': '20240812'}","{'operating_system': 'web', 'category': 'mobile', 'mobile_brand_name': 'Samsung', 'mobile_model_name': 'SM-N960F', 'unified_screen_name': 'Moje objednávky - NicoLips'}","{'city': 'Prague', 'country': 'Czechia', 'continent': 'Europe', 'region': 'Prague'}","[{'id': 5775046008, 'name': 'Purchasers', 'membership_start_timestamp_micros': 1723465611000000, 'membership_expiry_timestamp_micros': 1783288915000000, 'npa': False}
 {'id': 5775046007, 'name': 'All Users', 'membership_start_timestamp_micros': 1723465518000000, 'membership_expiry_timestamp_micros': 1783432698000000, 'npa': False}]",[],"{'revenue_in_usd': 71.466921, 'sessions': 6, 'engagement_time_millis': 969899, 'purchases': 2, 'engaged_sessions': 4, 'session_duration_micros': 3755284541}","{'in_app_purchase_score_7d': None, 'purchase_score_7d': None, 'churn_score_7d': None, 'revenue_28d_in_usd': None}","{'is_limited_ad_tracking': 'false', 'is_ads_personalization_allowed': '(not set)'}",20250113,20250113
eb23cafb7bb9dfab0d20fc7a449bb5684fc09d115f53b02a3688fcef017cf5c6,"{'last_active_timestamp_micros': 1736760511333727, 'user_first_touch_timestamp_micros': 1724544000000000, 'first_purchase_date': '20240825'}","{'operating_system': 'web', 'category': 'mobile', 'mobile_brand_name': 'Apple', 'mobile_model_name': None, 'unified_screen_name': 'Ďakujeme za objednávku - NicoLips'}","{'city': 'Bratislava', 'country': 'Slovakia', 'continent': 'Europe', 'region': 'Bratislava Region'}","[{'id': 5775046008, 'name': 'Purchasers', 'membership_start_timestamp_micros': 1724594506000000, 'membership_expiry_timestamp_micros': 1783416362000000, 'npa': False}
 {'id': 5775046007, 'name': 'All Users', 'membership_start_timestamp_micros': 1724594008000000, 'membership_expiry_timestamp_micros': 1783416511000000, 'npa': False}]",[],"{'revenue_in_usd': 61.4131, 'sessions': 6, 'engagement_time_millis': 1557298, 'purchases': 5, 'engaged_sessions': 5, 'session_duration_micros': 3559854766}","{'in_app_purchase_score_7d': None, 'purchase_score_7d': None, 'churn_score_7d': None, 'revenue_28d_in_usd': None}","{'is_limited_ad_tracking': 'false', 'is_ads_personalization_allowed': '(not set)'}",20250113,20250113
d2930a659ef65849b771bee0fccece8e3260ede0938b720069b0b73365d6de97,"{'last_active_timestamp_micros': 1736784139924446, 'user_first_touch_timestamp_micros': 1726963200000000, 'first_purchase_date': '20240922'}","{'operating_system': 'web', 'category': 'mobile', 'mobile_brand_name': 'Xiaomi', 'mobile_model_name': '23021RAA2Y', 'unified_screen_name': 'Ďakujeme za objednávku - NicoLips'}","{'city': 'Bratislava', 'country': 'Slovakia', 'continent': 'Europe', 'region': 'Bratislava Region'}","[{'id': 5775046008, 'name': 'Purchasers', 'membership_start_timestamp_micros': 1727012895000000, 'membership_expiry_timestamp_micros': 1783440133000000, 'npa': False}
 {'id': 5775046007, 'name': 'All Users', 'membership_start_timestamp_micros': 1727001779000000, 'membership_expiry_timestamp_micros': 1783440139000000, 'npa': False}]",[],"{'revenue_in_usd': 109.722341, 'sessions': 24, 'engagement_time_millis': 4522648, 'purchases': 10, 'engaged_sessions': 24, 'session_duration_micros': 14458431603}","{'in_app_purchase_score_7d': None, 'purchase_score_7d': None, 'churn_score_7d': None, 'revenue_28d_in_usd': None}","{'is_limited_ad_tracking': 'false', 'is_ads_personalization_allowed': '(not set)'}",20250113,20250113
d9a2ccba53666ec0c1ce79b3f9b9f414400a88c153c12b48fcb59f6bd6944292,"{'last_active_timestamp_micros': 1736725723743361, 'user_first_touch_timestamp_micros': 1733270400000000, 'first_purchase_date': '20241004'}","{'operating_system': 'web', 'category': 'mobile', 'mobile_brand_name': 'Samsung', 'mobile_model_name': 'SM-A556B', 'unified_screen_name': 'CUBA BLACK CHERRY - nicolips.sk'}","{'city': '', 'country': 'Slovakia', 'continent': 'Europe', 'region': 'Presov Region'}","[{'id': 5775046008, 'name': 'Purchasers', 'membership_start_timestamp_micros': 1728067119000000, 'membership_expiry_timestamp_micros': 1782912412000000, 'npa': False}
 {'id': 5775046007, 'name': 'All Users', 'membership_start_timestamp_micros': 1728063210000000, 'membership_expiry_timestamp_micros': 1783381723000000, 'npa': False}]",[],"{'revenue_in_usd': 187.185684, 'sessions': 32, 'engagement_time_millis': 9918593, 'purchases': 12, 'engaged_sessions': 31, 'session_duration_micros': 25749205339}","{'in_app_purchase_score_7d': None, 'purchase_score_7d': None, 'churn_score_7d': None, 'revenue_28d_in_usd': None}","{'is_limited_ad_tracking': 'false', 'is_ads_personalization_allowed': '(not set)'}",20250113,20250113
d268eb8f79450e72c70cd5384d979bfb17e7c5126f08bd86b9c7404442312d8e,"{'last_active_timestamp_micros': 1736756493788563, 'user_first_touch_timestamp_micros': 0, 'first_purchase_date': '20241022'}","{'operating_system': 'web', 'category': 'mobile', 'mobile_brand_name': 'Apple', 'mobile_model_name': 'SM-A145R', 'unified_screen_name': 'ICEBERG DRAGON FIRE - nicolips.sk'}","{'city': 'Kosice', 'country': 'Slovakia', 'continent': 'Europe', 'region': 'Kosice Region'}","[{'id': 5775046008, 'name': 'Purchasers', 'membership_start_timestamp_micros': 1729593323000000, 'membership_expiry_timestamp_micros': 1783363804000000, 'npa': False}
 {'id': 5775046007, 'name': 'All Users', 'membership_start_timestamp_micros': 1729593082000000, 'membership_expiry_timestamp_micros': 1783412493000000, 'npa': False}]",[],"{'revenue_in_usd': 72.661567, 'sessions': 13, 'engagement_time_millis': 1128450, 'purchases': 2, 'engaged_sessions': 12, 'session_duration_micros': 4674935970}","{'in_app_purchase_score_7d': None, 'purchase_score_7d': None, 'churn_score_7d': None, 'revenue_28d_in_usd': None}","{'is_limited_ad_tracking': 'false', 'is_ads_personalization_allowed': '(not set)'}",20250113,20250113
9a4fb09809def5a0cc1dca9533f07e8453e2d2a342edca589b1057335b65be72,"{'last_active_timestamp_micros': 1736787923504207, 'user_first_touch_timestamp_micros': 1729900800000000, 'first_purchase_date': '20241026'}","{'operating_system': 'web', 'category': 'mobile', 'mobile_brand_name': 'Samsung', 'mobile_model_name': 'SM-G973F', 'unified_screen_name': 'Děkujeme za objednávku - NicoLips'}","{'city': 'Trinec', 'country': 'Czechia', 'continent': 'Europe', 'region': 'Moravian-Silesian Region'}","[{'id': 5775046008, 'name': 'Purchasers', 'membership_start_timestamp_micros': 1729927023000000, 'membership_expiry_timestamp_micros': 1783443923000000, 'npa': False}
 {'id': 5775046007, 'name': 'All Users', 'membership_start_timestamp_micros': 1729923480000000, 'membership_expiry_timestamp_micros': 1783443923000000, 'npa': False}]",[],"{'revenue_in_usd': 115.154911, 'sessions': 10, 'engagement_time_millis': 3060774, 'purchases': 7, 'engaged_sessions': 10, 'session_duration_micros': 10176091787}","{'in_app_purchase_score_7d': None, 'purchase_score_7d': None, 'churn_score_7d': None, 'revenue_28d_in_usd': None}","{'is_limited_ad_tracking': 'false', 'is_ads_personalization_allowed': '(not set)'}",20250113,20250113
503c8483c15b97b2dedc0f60b30f0d59c6615cf0d86074f627a3a71424772967,"{'last_active_timestamp_micros': 1736756021274737, 'user_first_touch_timestamp_micros': 1734048000000000, 'first_purchase_date': '20241208'}","{'operating_system': 'web', 'category': 'mobile', 'mobile_brand_name': 'Apple', 'mobile_model_name': None, 'unified_screen_name': 'Ďakujeme za objednávku - NicoLips'}","{'city': 'Bratislava', 'country': 'Slovakia', 'continent': 'Europe', 'region': 'Bratislava Region'}","[{'id': 5775046008, 'name': 'Purchasers', 'membership_start_timestamp_micros': 1733620112000000, 'membership_expiry_timestamp_micros': 1783412014000000, 'npa': False}
 {'id': 5775046007, 'name': 'All Users', 'membership_start_timestamp_micros': 1733514157000000, 'membership_expiry_timestamp_micros': 1783412021000000, 'npa': False}]",[],"{'revenue_in_usd': 41.833909, 'sessions': 22, 'engagement_time_millis': 3334937, 'purchases': 3, 'engaged_sessions': 22, 'session_duration_micros': 15207617302}","{'in_app_purchase_score_7d': None, 'purchase_score_7d': None, 'churn_score_7d': None, 'revenue_28d_in_usd': None}","{'is_limited_ad_tracking': 'false', 'is_ads_personalization_allowed': '(not set)'}",20250113,20250113
de007d0e0f35ad6a31d3ad3a2f61dad859d2e019d462833fd4adc45b6c869443,"{'last_active_timestamp_micros': 1736788713924350, 'user_first_touch_timestamp_micros': 0, 'first_purchase_date': '20241211'}","{'operating_system': 'web', 'category': 'mobile', 'mobile_brand_name': 'Samsung', 'mobile_model_name': 'SM-A556B', 'unified_screen_name': 'Moje objednávky - NicoLips'}","{'city': 'Veszprem', 'country': 'Hungary', 'continent': 'Europe', 'region': 'Veszprem'}","[{'id': 5775046008, 'name': 'Purchasers', 'membership_start_timestamp_micros': 1733925069000000, 'membership_expiry_timestamp_micros': 1783429905000000, 'npa': False}
 {'id': 5775046007, 'name': 'All Users', 'membership_start_timestamp_micros': 1733924528000000, 'membership_expiry_timestamp_micros': 1783444713000000, 'npa': False}]",[],"{'revenue_in_usd': 67.641186, 'sessions': 23, 'engagement_time_millis': 3092206, 'purchases': 3, 'engaged_sessions': 23, 'session_duration_micros': 6018570317}","{'in_app_purchase_score_7d': None, 'purchase_score_7d': None, 'churn_score_7d': None, 'revenue_28d_in_usd': None}","{'is_limited_ad_tracking': 'false', 'is_ads_personalization_allowed': '(not set)'}",20250113,20250113
2eaa7494a13e21662f7646df027e05b22b2f93945d394d8259b24baadf054d24,"{'last_active_timestamp_micros': 1736798665358976, 'user_first_touch_timestamp_micros': 0, 'first_purchase_date': '20250113'}","{'operating_system': 'web', 'category': 'mobile', 'mobile_brand_name': 'Samsung', 'mobile_model_name': 'SM-A546B', 'unified_screen_name': 'Nákupný košík - NicoLips'}","{'city': '', 'country': 'Slovakia', 'continent': 'Europe', 'region': 'Zilina Region'}","[{'id': 5775046008, 'name': 'Purchasers', 'membership_start_timestamp_micros': 1736798655000000, 'membership_expiry_timestamp_micros': 1783454655000000, 'npa': False}
 {'id': 5775046007, 'name': 'All Users', 'membership_start_timestamp_micros': 1736795035000000, 'membership_expiry_timestamp_micros': 1783454665000000, 'npa': False}]",[],"{'revenue_in_usd': 13.071762, 'sessions': 1, 'engagement_time_millis': 1200652, 'purchases': 1, 'engaged_sessions': 1, 'session_duration_micros': 3629493503}","{'in_app_purchase_score_7d': None, 'purchase_score_7d': None, 'churn_score_7d': None, 'revenue_28d_in_usd': None}","{'is_limited_ad_tracking': 'false', 'is_ads_personalization_allowed': '(not set)'}",20250113,20250113
c3b3b867a56810e9bc0999b9ae548d5c41144fe627c9afdbd77403016362c144,"{'last_active_timestamp_micros': 1736783117681296, 'user_first_touch_timestamp_micros': 0, 'first_purchase_date': '20250113'}","{'operating_system': 'web', 'category': 'mobile', 'mobile_brand_name': 'Apple', 'mobile_model_name': None, 'unified_screen_name': 'Ďakujeme za objednávku - NicoLips'}","{'city': 'Bratislava', 'country': 'Slovakia', 'continent': 'Europe', 'region': 'Bratislava Region'}","[{'id': 5775046008, 'name': 'Purchasers', 'membership_start_timestamp_micros': 1736783088000000, 'membership_expiry_timestamp_micros': 1783439088000000, 'npa': False}
 {'id': 5775046007, 'name': 'All Users', 'membership_start_timestamp_micros': 1736197122000000, 'membership_expiry_timestamp_micros': 1783439117000000, 'npa': False}]",[],"{'revenue_in_usd': 8.236439, 'sessions': 4, 'engagement_time_millis': 771556, 'purchases': 1, 'engaged_sessions': 4, 'session_duration_micros': 3514635483}","{'in_app_purchase_score_7d': None, 'purchase_score_7d': None, 'churn_score_7d': None, 'revenue_28d_in_usd': None}","{'is_limited_ad_tracking': 'false', 'is_ads_personalization_allowed': '(not set)'}",20250113,20250113
f9ced38196f39bae231c1879824167996ce024bd3baaa10029a65680d48007de,"{'last_active_timestamp_micros': 1736761779994616, 'user_first_touch_timestamp_micros': 0, 'first_purchase_date': '20250113'}","{'operating_system': 'web', 'category': 'desktop', 'mobile_brand_name': 'Google', 'mobile_model_name': None, 'unified_screen_name': 'Ďakujeme za objednávku - NicoLips'}","{'city': '', 'country': 'Slovakia', 'continent': 'Europe', 'region': 'Banska Bystrica Region'}","[{'id': 5775046008, 'name': 'Purchasers', 'membership_start_timestamp_micros': 1736761608000000, 'membership_expiry_timestamp_micros': 1783417608000000, 'npa': False}
 {'id': 5775046007, 'name': 'All Users', 'membership_start_timestamp_micros': 1736758652000000, 'membership_expiry_timestamp_micros': 1783417779000000, 'npa': False}]",[],"{'revenue_in_usd': 9.158429, 'sessions': 1, 'engagement_time_millis': 481119, 'purchases': 1, 'engaged_sessions': 1, 'session_duration_micros': 3127012876}","{'in_app_purchase_score_7d': None, 'purchase_score_7d': None, 'churn_score_7d': None, 'revenue_28d_in_usd': None}","{'is_limited_ad_tracking': 'false', 'is_ads_personalization_allowed': '(not set)'}",20250113,20250113
9312c4c69762e0e4aa4aad616b6cb7a10dd3456ba8ab329b6e5e90f0c5599355,"{'last_active_timestamp_micros': 1736796590471217, 'user_first_touch_timestamp_micros': 0, 'first_purchase_date': '20250113'}","{'operating_system': 'web', 'category': 'desktop', 'mobile_brand_name': 'Google', 'mobile_model_name': None, 'unified_screen_name': 'Moje objednávky - NicoLips'}","{'city': 'Nove Zamky', 'country': 'Slovakia', 'continent': 'Europe', 'region': 'Nitra Region'}","[{'id': 5775046008, 'name': 'Purchasers', 'membership_start_timestamp_micros': 1736796538000000, 'membership_expiry_timestamp_micros': 1783452538000000, 'npa': False}
 {'id': 5775046007, 'name': 'All Users', 'membership_start_timestamp_micros': 1736796080000000, 'membership_expiry_timestamp_micros': 1783452590000000, 'npa': False}]",[],"{'revenue_in_usd': 8.338882, 'sessions': 1, 'engagement_time_millis': 219352, 'purchases': 1, 'engaged_sessions': 1, 'session_duration_micros': 510321417}","{'in_app_purchase_score_7d': None, 'purchase_score_7d': None, 'churn_score_7d': None, 'revenue_28d_in_usd': None}","{'is_limited_ad_tracking': 'false', 'is_ads_personalization_allowed': '(not set)'}",20250113,20250113
c51ce82b5a91fd220064227c89834548dd991d107ffa2eb4a17c414ef0001d07,"{'last_active_timestamp_micros': 1736791453505173, 'user_first_touch_timestamp_micros': 1736726400000000, 'first_purchase_date': '20250113'}","{'operating_system': 'web', 'category': 'mobile', 'mobile_brand_name': 'Apple', 'mobile_model_name': None, 'unified_screen_name': 'Ďakujeme za objednávku - NicoLips'}","{'city': 'Bratislava', 'country': 'Slovakia', 'continent': 'Europe', 'region': 'Bratislava Region'}","[{'id': 5775046008, 'name': 'Purchasers', 'membership_start_timestamp_micros': 1736791447000000, 'membership_expiry_timestamp_micros': 1783447447000000, 'npa': False}
 {'id': 5775046007, 'name': 'All Users', 'membership_start_timestamp_micros': 1732536779000000, 'membership_expiry_timestamp_micros': 1783447453000000, 'npa': False}]",[],"{'revenue_in_usd': 21.717974, 'sessions': 2, 'engagement_time_millis': 225218, 'purchases': 1, 'engaged_sessions': 2, 'session_duration_micros': 378057096}","{'in_app_purchase_score_7d': None, 'purchase_score_7d': None, 'churn_score_7d': None, 'revenue_28d_in_usd': None}","{'is_limited_ad_tracking': 'false', 'is_ads_personalization_allowed': '(not set)'}",20250113,20250113
